lat,lng,temp,humidity,wind_speed,cloud_cover,city_list,country,date
5.38,-52.95,82.17,73,12.06,88,sinnamary,GF,1588875271
-46.13,167.68,51.39,87,7.27,92,tuatapere,NZ,1588875271
64.75,177.48,28.17,86,8.95,90,anadyr,RU,1588875272
72.79,-56.15,19.6,91,7.72,80,upernavik,GL,1588875272
49.6,117.43,44.55,55,10.83,0,manzhouli,CN,1588875272
42.1,-79.24,54.86,37,17.22,75,jamestown,US,1588875008
28.66,-17.92,66.9,73,8.05,75,los llanos de aridane,ES,1588875194
69.22,-51.1,30.2,68,12.75,20,ilulissat,GL,1588875094
38.52,-28.7,60.8,93,17.22,75,ribeira grande,PT,1588875273
13.22,-59.52,86.0,62,23.04,40,bathsheba,BB,1588875273
-20.73,139.5,59.0,58,11.92,27,mount isa,AU,1588875274
-46.19,168.86,50.29,85,7.29,100,mataura,NZ,1588875274
73.51,80.55,9.43,93,6.53,100,dikson,RU,1588875275
42.75,-88.08,61.39,18,12.75,1,racine,US,1588875275
-19.98,57.61,75.0,91,3.0,17,cap malheureux,MU,1588875275
35.13,140.3,58.8,54,9.17,42,katsuura,JP,1588875276
22.08,-159.32,68.59,100,5.82,90,kapaa,US,1588875276
22.89,-109.91,83.23,39,8.05,5,cabo san lucas,MX,1588875086
-42.88,147.33,53.98,71,8.05,40,hobart,AU,1588875134
-0.6,73.08,84.58,77,14.99,39,hithadhoo,MV,1588875277
-25.24,130.99,55.4,43,4.7,0,yulara,AU,1588875278
27.98,-114.06,80.33,33,8.66,0,guerrero negro,MX,1588875280
-6.09,-35.21,86.0,62,12.75,20,nisia floresta,BR,1588875176
63.05,179.32,30.56,99,11.01,100,beringovskiy,RU,1588875280
60.06,71.48,59.36,58,4.61,51,salym,RU,1588875281
-23.12,-134.97,74.93,77,16.91,40,rikitea,PF,1588875282
-20.86,-46.39,66.67,86,4.9,100,alpinopolis,BR,1588875282
63.75,-68.51,30.09,58,13.87,75,iqaluit,CA,1588875282
52.63,29.73,44.98,78,10.92,75,svetlogorsk,BY,1588875283
16.78,101.24,78.46,79,3.06,100,lom sak,TH,1588875283
-34.42,19.23,61.0,91,5.41,100,hermanus,ZA,1588875284
-46.6,168.33,50.97,78,18.14,87,bluff,NZ,1588875284
-54.8,-68.3,44.6,81,5.82,100,ushuaia,AR,1588875285
-21.21,-159.78,71.6,100,1.12,39,avarua,CK,1588875285
11.14,123.72,84.61,77,10.98,23,sulangan,PH,1588875286
20.93,-17.03,69.8,73,25.28,0,nouadhibou,MR,1588875286
-11.1,-77.61,74.57,64,10.36,100,hualmay,PE,1588875287
19.73,-155.09,70.77,83,4.7,1,hilo,US,1588875288
13.3,19.7,89.78,16,0.27,19,oum hadjer,TD,1588875288
-33.65,115.33,54.01,98,11.63,56,busselton,AU,1588875288
66.0,111.5,14.0,72,11.18,100,aykhal,RU,1588875289
-33.59,26.89,64.0,93,1.99,100,port alfred,ZA,1588875289
69.38,178.42,21.27,85,2.15,8,leningradskiy,RU,1588875289
71.29,-156.79,8.6,84,14.99,90,barrow,US,1588875290
-17.89,-39.37,84.02,65,5.59,31,nova vicosa,BR,1588875054
-12.23,136.77,75.2,83,5.82,40,nhulunbuy,AU,1588875290
5.52,5.75,81.07,78,5.91,94,warri,NG,1588875291
-34.58,150.86,61.34,81,1.01,33,flinders,AU,1588875291
-38.27,141.97,52.02,93,9.66,33,codrington,AU,1588875292
50.31,34.9,50.5,77,3.13,37,okhtyrka,UA,1588875292
44.61,-79.42,39.88,89,3.0,63,orillia,CA,1588875179
40.84,8.4,66.85,77,17.22,1,porto torres,IT,1588875292
70.95,27.35,39.2,86,11.41,75,kjollefjord,NO,1588875293
60.92,-46.05,50.0,57,9.17,40,narsaq,GL,1588875293
-33.87,121.9,55.4,76,13.87,75,esperance,AU,1588875294
-4.13,104.17,75.65,96,2.48,99,baturaja,ID,1588875294
52.8,104.75,44.6,80,2.24,40,ust-ordynskiy,RU,1588875295
42.37,-71.18,61.92,21,6.93,75,watertown,US,1588875295
57.05,-135.33,53.6,50,14.99,20,sitka,US,1588875280
42.6,-73.97,63.46,13,3.0,5,albany,US,1588875296
0.08,-76.88,73.4,100,3.36,90,nueva loja,EC,1588875296
41.31,28.68,56.39,71,5.82,40,durusu,TR,1588875297
-2.54,-57.76,84.63,83,1.01,46,urucara,BR,1588875297
-15.2,12.15,84.6,45,6.49,0,namibe,AO,1588875297
-20.78,117.13,72.19,73,5.66,43,roebourne,AU,1588875298
40.56,65.69,71.6,56,9.17,100,nurota,UZ,1588875298
69.45,-133.04,15.8,92,9.17,90,tuktoyaktuk,CA,1588875298
48.65,-53.11,46.0,70,4.0,66,bonavista,CA,1588875299
-20.41,57.7,75.2,88,2.24,40,mahebourg,MU,1588875123
12.01,-83.76,86.92,62,13.71,62,bluefields,NI,1588875300
-33.02,27.91,67.91,81,14.45,85,east london,ZA,1588875300
56.62,8.18,48.34,81,1.99,31,harboore,DK,1588875301
-20.34,57.76,75.11,88,2.24,40,bambous virieux,MU,1588875301
71.69,128.87,10.47,96,10.16,100,tiksi,RU,1588875302
-2.02,147.27,81.28,79,4.36,36,lorengau,PG,1588875302
52.42,41.43,57.16,81,4.59,100,znamenka,RU,1588875303
70.37,31.11,37.4,86,18.34,75,vardo,NO,1588875303
11.67,92.75,83.84,80,4.36,100,port blair,IN,1588875303
60.4,-1.35,48.2,81,16.11,97,brae,GB,1588875304
-40.81,-63.0,67.15,32,16.35,67,viedma,AR,1588875304
-28.77,114.6,57.2,87,8.05,90,geraldton,AU,1588875304
-33.92,25.57,66.2,88,8.05,100,port elizabeth,ZA,1588875025
48.59,57.19,60.08,34,11.88,1,shubarshi,KZ,1588875305
78.22,15.64,32.0,93,5.82,40,longyearbyen,SJ,1588875305
14.16,38.9,73.51,53,10.96,37,adwa,ET,1588875306
71.97,102.5,2.32,92,10.58,28,khatanga,RU,1588875306
-18.06,13.84,68.07,25,9.46,0,opuwo,NA,1588875306
-19.06,-169.92,69.8,100,2.24,14,alofi,NU,1588875306
38.08,112.66,59.0,87,4.47,90,huangzhai,CN,1588875307
-27.36,-53.39,66.0,48,1.99,0,frederico westphalen,BR,1588875307
-9.8,-139.03,80.56,79,20.38,72,atuona,PF,1588875305
41.0,15.65,64.4,25,10.29,5,melfi,IT,1588875308
68.22,-135.01,24.8,85,9.17,20,aklavik,CA,1588875308
32.59,-96.86,78.73,44,16.11,75,desoto,US,1588875043
50.0,88.67,40.53,67,3.91,30,kosh-agach,RU,1588875309
34.8,-106.54,83.3,7,19.46,40,meadow lake,US,1588875309
3.07,172.79,82.74,79,9.44,100,butaritari,KI,1588875310
56.45,138.17,34.63,86,10.29,100,ayan,RU,1588875310
60.31,54.32,59.83,59,8.41,99,gayny,RU,1588875310
46.62,10.7,62.28,45,3.36,5,lasa,IT,1588875311
11.3,2.44,98.71,17,2.89,58,banikoara,BJ,1588875311
41.53,-87.42,64.13,34,12.62,40,griffith,US,1588875311
-34.53,20.04,62.6,82,9.17,100,bredasdorp,ZA,1588875312
-37.83,140.77,51.8,100,10.29,75,mount gambier,AU,1588875312
5.41,100.34,81.16,94,3.36,40,georgetown,MY,1588875312
-53.15,-70.92,46.18,87,9.17,90,punta arenas,CL,1588875312
-16.48,-151.75,81.48,76,14.83,77,faanui,PF,1588875313
62.46,-114.35,47.32,49,13.87,75,yellowknife,CA,1588875308
-33.93,18.42,62.06,93,14.99,75,cape town,ZA,1588875041
42.12,-86.45,51.94,46,5.82,1,benton harbor,US,1588875313
64.18,-51.72,42.39,68,12.75,20,nuuk,GL,1588875313
20.78,97.03,69.87,58,1.5,0,taunggyi,MM,1588875314
8.0,98.25,77.0,94,4.7,40,phuket,TH,1588875314
-24.87,113.63,64.87,55,22.57,0,carnarvon,AU,1588875314
39.51,54.37,68.97,57,13.02,19,balkanabat,TM,1588875314
-8.84,13.23,82.4,83,8.05,40,luanda,AO,1588875219
-22.97,-42.03,70.83,73,10.29,75,arraial do cabo,BR,1588875315
-13.7,-76.22,71.62,77,8.05,100,pisco,PE,1588875103
51.63,-111.9,64.0,30,5.01,100,hanna,CA,1588875316
68.75,161.3,26.4,92,2.93,80,cherskiy,RU,1588875316
14.3,-91.92,91.4,59,6.93,20,champerico,GT,1588875316
-33.37,116.15,54.18,98,3.58,30,collie,AU,1588875317
-2.04,-45.96,91.58,53,4.14,57,maracacume,BR,1588875317
-21.2,-175.2,77.0,94,6.93,75,vaini,TO,1588875317
-23.7,133.88,53.6,27,2.24,0,alice springs,AU,1588875317
53.05,158.65,28.4,74,2.24,2,petropavlovsk-kamchatskiy,RU,1588875318
-37.65,145.52,57.34,67,3.0,3,healesville,AU,1588875318
70.47,-68.59,17.6,72,3.36,20,clyde river,CA,1588875318
50.23,106.21,44.58,56,1.57,0,suhbaatar,MN,1588875318
48.04,40.05,59.0,77,8.95,40,almaznyy,RU,1588875319
-3.8,102.27,78.64,85,4.45,100,bengkulu,ID,1588875319
-19.93,-60.77,72.59,29,8.25,100,mayor pablo lagerenza,PY,1588875319
-28.78,32.04,66.22,84,1.83,0,richards bay,ZA,1588875319
9.86,-66.38,95.41,35,7.29,43,altagracia de orituco,VE,1588875320
61.28,108.01,25.68,92,7.58,98,yerbogachen,RU,1588875124
57.72,10.58,49.66,80,20.0,50,skagen,DK,1588875320
57.42,27.05,42.22,65,5.99,79,aluksne,LV,1588875320
-42.78,147.06,50.52,83,3.27,45,new norfolk,AU,1588875321
2.67,72.89,84.88,76,13.71,0,kudahuvadhoo,MV,1588875321
54.05,-128.65,51.8,57,4.7,75,kitimat,CA,1588875321
77.48,-69.36,16.63,88,3.98,100,qaanaaq,GL,1588875321
-24.71,33.88,64.81,87,4.07,1,manjacaze,MZ,1588875321
70.63,147.92,27.9,96,5.79,98,chokurdakh,RU,1588875322
68.05,39.51,34.74,91,13.78,81,ostrovnoy,RU,1588875322
24.47,54.37,87.13,52,10.29,48,abu dhabi,AE,1588875164
28.37,129.48,69.8,77,16.11,75,naze,JP,1588875322
-34.0,24.73,63.61,66,3.56,100,kruisfontein,ZA,1588875322
-26.62,-54.13,62.69,38,4.74,0,san vicente,AR,1588875323
26.54,-77.06,77.04,72,19.39,23,marsh harbour,BS,1588875323
35.73,140.83,47.62,93,6.93,40,hasaki,JP,1588875323
-9.88,-56.09,80.6,78,8.05,75,alta floresta,BR,1588875323
71.04,27.85,39.2,86,11.41,75,mehamn,NO,1588875324
57.79,-152.41,44.6,81,29.97,90,kodiak,US,1588875324
-24.79,-50.01,62.62,49,3.74,2,castro,BR,1588875324
39.18,-84.53,66.0,37,13.87,75,hamilton,US,1588875131
65.61,-37.64,39.2,41,9.17,40,tasiilaq,GL,1588875324
41.76,86.15,59.0,40,7.0,43,korla,CN,1588875325
-26.65,15.16,66.2,68,14.99,0,luderitz,NA,1588875325
22.29,114.16,81.91,85,9.78,88,victoria,HK,1588875324
-15.77,128.73,62.6,82,3.83,14,kununurra,AU,1588875325
-33.01,17.94,62.6,77,9.17,100,saldanha,ZA,1588875326
34.64,-120.46,78.6,46,11.41,1,lompoc,US,1588875326
29.06,-13.56,71.6,60,20.8,20,teguise,ES,1588875326
39.74,98.52,47.89,54,2.24,85,jiuquan,CN,1588875326
43.42,-4.75,62.82,98,4.68,88,llanes,ES,1588875327
-9.66,20.39,69.8,67,3.89,46,saurimo,AO,1588875327
20.75,-105.33,84.2,62,9.17,75,bucerias,MX,1588875327
53.69,43.06,56.71,86,7.99,100,vadinsk,RU,1588875327
66.56,67.8,40.21,99,9.78,100,aksarka,RU,1588875328
-23.35,47.6,69.89,90,7.25,2,vangaindrano,MG,1588875328
24.69,46.72,86.0,17,8.05,100,riyadh,SA,1588875095
42.42,-122.83,59.25,50,0.81,1,jackson,US,1588875193
47.47,84.87,50.99,42,2.57,0,zaysan,KZ,1588875329
20.7,-105.2,84.2,62,9.17,75,ixtapa,MX,1588875230
7.85,3.93,79.11,85,6.04,96,oyo,NG,1588875329
53.14,140.73,37.65,77,2.66,18,nikolayevsk-na-amure,RU,1588875329
38.88,40.49,50.22,80,3.22,20,bingol,TR,1588875330
54.11,102.16,39.9,86,8.88,78,sayansk,RU,1588875330
6.54,21.99,75.11,86,3.42,77,bria,CF,1588875330
63.72,39.64,41.72,86,3.04,99,kodino,RU,1588875330
34.42,-119.7,82.18,33,4.7,1,santa barbara,US,1588875330
55.63,8.29,48.6,76,12.75,34,oksbol,DK,1588875183
60.05,69.9,59.43,57,4.88,63,gornopravdinsk,RU,1588875331
14.2,24.67,79.99,17,5.1,62,kutum,SD,1588875332
42.16,-72.33,60.21,19,12.75,75,palmer,US,1588875332
64.38,-173.3,31.62,87,8.9,73,provideniya,RU,1588875332
64.89,-23.71,43.09,79,8.3,98,olafsvik,IS,1588875332
-8.77,160.7,78.01,86,2.62,25,auki,SB,1588875333
54.7,78.66,56.8,64,3.78,29,zdvinsk,RU,1588875333
36.06,103.79,44.6,70,4.47,100,lanzhou,CN,1588875333
-10.41,-36.43,81.86,82,8.88,60,piacabucu,BR,1588875333
5.67,73.0,82.65,80,14.36,100,ugoofaaru,MV,1588875334
23.2,86.53,85.28,60,10.33,0,kenda,IN,1588875334
42.25,-75.83,57.13,28,9.17,75,broome,US,1588875334
50.1,118.04,44.73,52,10.98,0,krasnokamensk,RU,1588875334
52.7,103.71,44.6,80,2.24,40,telma,RU,1588875335
39.05,-27.98,61.7,86,21.68,75,lagoa,PT,1588875335
19.93,-105.25,89.55,45,9.24,0,tomatlan,MX,1588875335
60.72,-46.03,50.0,57,9.17,40,qaqortoq,GL,1588875335
64.5,-165.41,24.8,85,4.47,90,nome,US,1588875335
37.1,-113.58,73.4,20,4.7,1,saint george,US,1588875239
-41.07,145.92,54.97,80,8.01,77,burnie,AU,1588875336
-0.74,-90.35,81.52,74,16.11,20,puerto ayora,EC,1588875336
64.84,-147.72,54.07,46,6.93,1,fairbanks,US,1588875337
-28.52,28.82,51.8,51,2.64,0,phuthaditjhaba,ZA,1588875337
-8.65,115.22,82.4,100,5.82,40,denpasar,ID,1588875337
6.12,81.12,82.71,79,9.53,92,hambantota,LK,1588875337
-5.62,-35.6,86.0,62,12.75,20,taipu,BR,1588875337
32.22,-98.2,79.47,29,18.34,40,stephenville,US,1588875167
35.3,37.18,65.35,42,7.56,0,abu samrah,SY,1588875338
53.57,142.95,34.02,88,8.1,0,okha,RU,1588875338
11.0,122.67,79.68,83,4.45,14,dingle,PH,1588875338
-38.0,-57.56,62.6,51,12.75,0,mar del plata,AR,1588875339
-9.54,16.34,68.25,72,2.91,16,malanje,AO,1588875339
55.74,-97.86,26.6,63,10.29,75,thompson,CA,1588875327
28.68,121.44,69.01,84,3.31,99,jiaojiang,CN,1588875339
59.37,28.61,41.72,70,5.12,0,kingisepp,RU,1588875340
-19.76,-44.31,71.01,78,5.82,90,esmeraldas,BR,1588875340
34.42,-79.37,64.92,36,13.87,1,dillon,US,1588875340
51.15,37.89,53.38,65,3.31,84,novikovo,RU,1588875340
65.28,-126.83,37.4,64,8.05,20,norman wells,CA,1588875341
55.1,-105.28,50.0,29,9.17,75,la ronge,CA,1588875341
31.35,27.25,73.4,31,6.93,0,marsa matruh,EG,1588875341
69.39,20.27,35.96,69,25.28,75,skibotn,NO,1588875341
51.8,68.33,57.25,41,9.33,0,atbasar,KZ,1588875342
26.59,127.98,71.29,88,13.87,90,nago,JP,1588875342
-11.02,33.86,62.06,89,3.24,12,rumphi,MW,1588875342
-45.87,170.5,52.45,89,1.99,100,dunedin,NZ,1588875342
-3.28,-39.27,84.38,71,9.78,19,trairi,BR,1588875290
51.26,-80.61,26.6,53,11.41,40,moose factory,CA,1588875343
53.48,-2.24,67.32,48,3.36,2,manchester,GB,1588875280
57.51,-1.8,55.44,67,3.36,14,peterhead,GB,1588875343
23.6,72.4,93.2,41,8.05,0,mahesana,IN,1588875343
43.51,46.34,55.4,93,8.95,90,shelkovskaya,RU,1588875344
10.5,10.0,92.21,12,5.48,0,bauchi,NG,1588875344
40.7,-99.08,60.12,62,16.11,20,kearney,US,1588875344
33.19,-82.53,66.2,32,9.17,1,avera,US,1588875344
-21.36,55.77,71.64,78,5.82,90,saint-philippe,RE,1588875345
25.7,100.18,57.7,61,5.39,0,dali,CN,1588875345
41.28,-70.1,50.97,71,18.34,20,nantucket,US,1588875075
42.06,59.38,68.9,82,13.87,90,akdepe,TM,1588875346
3.81,23.69,75.42,77,2.98,65,bondo,CD,1588875346
49.78,-74.85,33.8,59,9.17,90,chapais,CA,1588875346
0.52,25.2,69.44,97,0.92,100,kisangani,CD,1588875346
-0.88,131.25,80.74,84,9.1,11,sorong,ID,1588875347
5.95,-56.98,82.09,73,14.99,100,nieuw nickerie,SR,1588875347
59.7,30.79,46.31,49,15.66,96,nikolskoye,RU,1588875347
71.92,114.08,3.29,93,6.2,99,saskylakh,RU,1588875124
40.6,-124.16,62.46,67,4.7,20,fortuna,US,1588875348
41.37,-73.41,61.77,24,13.87,20,bethel,US,1588875308
-20.33,-40.29,71.06,73,16.11,75,vila velha,BR,1588875348
35.54,-100.96,75.97,41,24.16,1,pampa,US,1588875348
6.46,-2.32,78.42,93,2.84,59,bibiani,GH,1588875348
-16.78,-151.5,82.2,75,14.81,84,tevaitoa,PF,1588875349
-36.32,145.05,52.0,83,5.68,4,kyabram,AU,1588875349
-20.52,57.52,75.2,88,2.24,40,souillac,MU,1588875350
3.15,-75.05,78.8,83,8.05,75,baraya,CO,1588875279
-29.95,-71.34,55.4,87,4.7,90,coquimbo,CL,1588875350
40.8,-124.16,62.22,73,3.0,67,eureka,US,1588875350
26.48,87.28,82.71,39,5.46,48,biratnagar,NP,1588875350
58.01,114.28,31.93,95,2.44,59,balakhninskiy,RU,1588875351
51.97,5.67,64.72,37,10.29,90,wageningen,NL,1588875351
19.2,73.88,74.97,62,6.78,27,junnar,IN,1588875351
18.8,110.4,79.2,93,10.51,81,wanning,CN,1588875351
-9.67,-35.74,86.0,70,9.17,40,maceio,BR,1588875254
-0.61,-47.36,83.32,82,10.2,61,salinopolis,BR,1588875352
43.05,-74.34,56.39,26,18.34,75,gloversville,US,1588875352
66.83,70.83,39.4,99,10.22,100,yar-sale,RU,1588875352
-12.58,13.41,80.13,79,0.67,0,benguela,AO,1588875353
62.23,-6.59,48.2,70,12.75,92,klaksvik,FO,1588875353
36.68,-121.66,68.32,46,10.29,1,salinas,US,1588875353
12.48,-16.55,82.35,83,9.17,28,oussouye,SN,1588875353
-34.62,-68.33,68.79,25,14.14,34,san rafael,AR,1588875354
56.89,74.37,59.25,49,3.27,21,tara,RU,1588875354
-33.38,148.02,59.0,73,5.01,0,forbes,AU,1588875354
18.44,1.41,98.6,8,11.95,0,kidal,ML,1588875354
-19.9,48.8,74.5,85,1.45,78,mahanoro,MG,1588875355
22.57,59.53,92.26,40,4.23,0,sur,OM,1588875355
-20.74,116.85,70.48,82,2.91,43,karratha,AU,1588875355
-37.62,-73.65,62.29,67,11.01,100,lebu,CL,1588875355
42.12,118.78,56.89,70,4.43,100,mujiayingzi,CN,1588875355
-33.7,-53.46,60.55,56,8.03,98,chuy,UY,1588875356
66.94,-53.67,38.43,69,9.84,1,sisimiut,GL,1588875356
-15.86,-38.88,84.2,70,14.99,40,belmonte,BR,1588875356
1.2,-70.17,87.64,65,2.17,85,mitu,CO,1588875356
-32.45,-71.23,57.2,87,13.87,75,la ligua,CL,1588875357
69.42,30.81,35.6,91,33.33,75,zapolyarnyy,RU,1588875357
60.15,-1.15,48.2,76,6.93,91,lerwick,GB,1588875357
3.78,72.97,84.69,74,12.19,12,mahibadhoo,MV,1588875357
32.67,-17.1,63.93,72,4.7,75,ponta do sol,PT,1588875358
50.7,-127.42,46.4,87,5.82,75,port hardy,CA,1588875077
-41.87,-73.82,59.49,82,6.93,100,ancud,CL,1588875358
4.85,31.58,78.49,78,3.49,100,juba,SS,1588875358
51.03,-4.22,59.88,78,1.99,36,northam,GB,1588875359
2.78,45.5,80.51,80,7.7,97,jawhar,SO,1588875359
45.5,-0.25,75.36,47,3.36,97,cognac,FR,1588875359
51.32,42.77,61.5,79,5.01,100,kamenka,RU,1588875359
-13.2,49.05,74.64,83,3.44,10,ambilobe,MG,1588875359
42.49,-83.11,62.44,33,20.8,75,madison heights,US,1588875360
48.47,44.78,59.0,93,6.71,90,svetlyy yar,RU,1588875360
60.14,-45.24,41.16,78,0.72,66,nanortalik,GL,1588875360
-13.88,167.55,78.46,80,4.99,79,sola,VU,1588875361
4.93,-52.33,78.8,94,8.05,88,cayenne,GF,1588875361
42.94,126.06,55.13,56,4.23,77,panshi,CN,1588875361
-2.92,-39.92,84.72,72,11.59,39,itarema,BR,1588875361
-26.37,-70.05,83.93,17,9.01,0,diego de almagro,CL,1588875361
53.97,121.97,35.22,76,3.74,22,yerofey pavlovich,RU,1588875362
-32.5,137.77,48.96,87,5.82,0,port augusta,AU,1588875362
36.62,-121.92,60.91,67,6.93,1,pacific grove,US,1588875362
17.33,42.67,89.6,70,11.41,1,jizan,SA,1588875363
68.82,-51.19,30.2,68,12.75,20,qasigiannguit,GL,1588875363
38.44,57.43,76.53,34,8.39,35,baherden,TM,1588875363
-13.54,23.1,65.71,57,5.84,58,zambezi,ZM,1588875363
25.38,81.15,88.43,22,6.51,0,rajapur,IN,1588875364
51.02,45.7,57.99,95,3.0,100,krasnoarmeysk,RU,1588875364
-28.19,23.54,59.34,29,6.31,0,danielskuil,ZA,1588875364
-4.88,-66.9,82.17,83,5.06,100,carauari,BR,1588875364
-2.53,112.95,76.91,98,1.99,97,sampit,ID,1588875365
70.86,29.09,39.2,86,11.41,75,berlevag,NO,1588875365
-21.05,31.67,64.38,69,2.19,42,chiredzi,ZW,1588875365
-46.28,169.85,52.0,69,7.0,73,kaitangata,NZ,1588875365
-25.3,152.85,60.94,93,8.05,31,hervey bay,AU,1588875365
53.13,132.9,42.03,77,6.71,100,tokur,RU,1588875124
5.26,120.08,80.58,80,2.66,1,languyan,PH,1588875366
45.52,-122.68,59.81,50,3.36,1,portland,US,1588875160
-3.14,142.35,78.55,88,4.25,66,aitape,PG,1588875367
-41.41,175.52,56.01,76,11.41,2,waipawa,NZ,1588875367
41.74,-111.83,51.19,22,9.17,1,logan,US,1588875129
-8.14,159.59,80.22,78,1.05,41,buala,SB,1588875367
11.66,-70.22,86.68,64,27.18,67,punta cardon,VE,1588875368
-30.18,-50.21,63.32,70,12.55,60,cidreira,BR,1588875368
38.5,102.17,46.31,62,3.31,99,jinchang,CN,1588875368
-17.73,-149.15,80.47,65,5.82,20,tautira,PF,1588875368
-17.58,48.22,64.67,96,2.51,79,amparafaravola,MG,1588875369
40.43,71.72,69.8,43,6.93,100,komsomolskiy,UZ,1588875369
22.92,89.21,82.22,75,7.83,24,keshabpur,BD,1588875369
41.19,61.4,78.66,44,5.84,82,gazojak,TM,1588875369
69.7,170.31,22.66,88,7.36,14,pevek,RU,1588875125
-21.34,55.48,71.94,78,5.82,90,saint-pierre,RE,1588875370
-3.75,-73.25,80.6,88,9.17,75,iquitos,PE,1588875370
17.42,121.44,77.04,82,2.01,34,tabuk,PH,1588875370
46.54,138.33,47.34,54,6.73,27,svetlaya,RU,1588875124
38.42,77.24,58.6,54,10.69,23,shache,CN,1588875363
40.73,124.78,54.09,58,2.37,100,kuandian,CN,1588875371
46.42,3.91,69.8,49,6.93,96,saint-francois,FR,1588875371
13.2,-16.73,78.8,69,17.22,0,gunjur,GM,1588875372
-14.27,50.17,77.14,85,7.87,3,sambava,MG,1588875372
29.7,107.39,73.02,88,1.63,15,fuling,CN,1588875372
51.59,-3.0,66.06,63,9.17,21,newport,GB,1588875372
38.89,-76.51,62.56,38,8.05,1,mayo,US,1588875373
7.7,18.63,74.89,84,6.2,90,kabo,CF,1588875373
36.39,120.46,62.22,52,15.66,99,jimo,CN,1588875373
54.52,-128.6,51.8,57,4.7,75,terrace,CA,1588875373
47.67,-52.73,47.98,61,8.05,75,torbay,CA,1588875374
2.79,24.73,72.14,92,1.28,94,buta,CD,1588875374
31.76,13.99,70.99,57,19.3,0,bani walid,LY,1588875374
8.45,98.53,77.0,94,4.7,40,phangnga,TH,1588875374
50.68,156.12,33.64,91,10.38,100,severo-kurilsk,RU,1588875375
5.35,48.53,85.3,71,11.56,48,hobyo,SO,1588875375
65.58,22.15,42.8,38,10.29,100,lulea,SE,1588875375
60.75,-137.51,45.09,59,5.03,91,haines junction,CA,1588875375
-33.87,151.21,60.6,67,10.29,0,sidney,AU,1588875352
48.8,44.47,59.0,93,6.71,90,gorodishche,RU,1588875376
14.68,77.6,90.64,39,4.59,74,anantapur,IN,1588875376
48.44,1.46,66.6,42,5.82,100,luce,FR,1588875377
46.09,3.45,69.06,49,8.05,98,hauterive,FR,1588875377
27.73,-82.74,72.88,40,12.75,1,saint pete beach,US,1588875377
-9.17,-60.63,84.54,65,3.87,95,aripuana,BR,1588875378
7.93,1.98,88.77,57,8.41,62,savalou,BJ,1588875378
-10.62,150.67,78.98,79,16.82,50,samarai,PG,1588875378
-22.67,167.48,70.88,79,32.57,100,vao,NC,1588875378
45.02,-93.22,56.01,24,10.29,1,saint anthony,US,1588875379
66.42,112.4,14.0,72,11.18,92,udachnyy,RU,1588875379
30.33,10.85,89.91,11,6.29,2,nalut,LY,1588875379
-13.33,-71.95,60.8,48,3.36,75,calca,PE,1588875379
18.23,-72.53,91.4,49,4.7,75,jacmel,HT,1588875380
-21.17,27.51,64.4,59,5.82,0,francistown,BW,1588875380
-12.74,-60.15,71.6,73,10.29,40,vilhena,BR,1588875380
6.88,73.1,82.72,78,1.68,100,dhidhdhoo,MV,1588875380
42.95,72.76,57.54,62,4.74,3,lugovoy,KZ,1588875381
58.7,81.48,45.66,65,5.01,63,parabel,RU,1588875381
42.8,93.45,56.17,30,9.37,0,hami,CN,1588875381
65.58,-171.0,23.58,96,2.55,60,lavrentiya,RU,1588875381
6.3,-70.2,85.44,71,8.9,82,cravo norte,CO,1588875382
66.32,-179.17,21.0,85,0.92,0,egvekinot,RU,1588875382
18.81,-71.23,77.41,70,18.34,40,san juan de la maguana,DO,1588875382
31.45,12.98,82.13,27,16.46,4,mizdah,LY,1588875382
17.49,44.13,86.0,33,4.7,40,najran,SA,1588875383
63.37,47.92,55.4,89,9.89,99,blagoyevo,RU,1588875383
58.52,-117.14,59.0,41,11.41,90,high level,CA,1588875383
9.03,-79.5,88.65,74,8.05,40,san miguelito,PA,1588875383
60.47,166.1,27.95,99,7.65,100,tilichiki,RU,1588875384
39.64,141.95,43.75,71,5.03,0,miyako,JP,1588875384
53.72,46.07,56.68,94,9.51,100,nikolsk,RU,1588875384
33.73,135.98,53.46,79,5.39,13,shingu,JP,1588875385
-10.45,161.92,78.64,83,5.68,89,kirakira,SB,1588875385
44.65,-63.57,39.56,72,3.0,100,halifax,CA,1588875180
-20.32,118.57,69.8,73,1.12,11,port hedland,AU,1588875305
50.68,36.55,55.4,50,2.24,61,severnyy,RU,1588875385
-3.67,152.43,79.32,77,4.72,0,namatanai,PG,1588875386
2.92,73.57,84.74,75,12.53,2,muli,MV,1588875386
9.36,17.37,91.44,40,3.36,45,goundi,TD,1588875386
-8.93,125.41,56.93,100,3.65,11,airai,TL,1588875386
12.15,-68.27,86.0,70,21.92,75,kralendijk,BQ,1588875387
36.43,-99.39,70.59,43,24.16,90,woodward,US,1588875387
49.42,130.08,55.26,48,8.03,99,arkhara,RU,1588875387
51.38,1.39,62.4,42,10.29,71,margate,GB,1588875264
14.9,-24.5,75.83,72,16.55,9,sao filipe,CV,1588875388
-17.64,-71.34,69.89,71,5.61,94,ilo,PE,1588875388
52.0,127.7,45.3,86,7.38,100,shimanovsk,RU,1588875388
-8.75,-67.4,73.58,93,4.12,100,boca do acre,BR,1588875389
4.41,114.01,80.31,100,2.24,75,miri,MY,1588875389
-28.65,153.62,57.18,100,4.54,47,byron bay,AU,1588875389
-8.01,-34.86,86.0,66,9.17,40,olinda,BR,1588875390
37.79,38.62,64.4,63,6.93,75,kahta,TR,1588875390
62.86,51.89,55.72,91,9.93,92,sindor,RU,1588875390
-29.68,-53.81,62.6,55,5.82,40,santa maria,BR,1588875390
63.93,-21.0,43.0,83,15.99,15,selfoss,IS,1588875391
20.01,110.35,82.4,78,6.71,30,qiongshan,CN,1588875391
52.63,-1.7,68.92,43,5.82,19,tamworth,GB,1588875391
68.61,31.8,42.8,52,11.18,75,verkhnetulomskiy,RU,1588875392
70.02,135.6,16.07,95,7.54,93,ust-kuyga,RU,1588875392
18.39,42.45,70.7,77,5.82,40,faya,SA,1588875392
36.8,25.82,59.02,70,4.0,88,kamarion,GR,1588875392
-20.01,57.66,75.0,91,3.0,15,grand gaube,MU,1588875393
60.55,-151.26,51.8,59,13.87,1,kenai,US,1588875393
-7.51,-63.02,82.62,70,5.77,100,humaita,BR,1588875393
7.77,-72.22,96.8,37,23.04,40,san cristobal,VE,1588875394
-0.95,100.35,78.93,83,12.73,100,padang,ID,1588875394
-32.03,-52.1,65.07,55,11.41,75,rio grande,BR,1588875242
46.95,24.05,52.56,53,10.29,77,taga,RO,1588875395
-6.13,12.37,80.19,87,6.31,67,soyo,AO,1588875395
12.07,-16.03,89.2,52,9.17,51,canchungo,GW,1588875395
54.77,-101.86,42.8,22,5.82,40,flin flon,CA,1588875302
58.81,-122.7,57.2,50,8.05,75,fort nelson,CA,1588875396
66.77,123.37,16.27,93,30.27,100,zhigansk,RU,1588875123
-31.63,-60.7,68.0,38,3.0,17,santa fe,AR,1588875396
54.08,-0.19,62.33,42,4.7,26,bridlington,GB,1588875396
66.15,-65.71,21.2,73,8.05,20,pangnirtung,CA,1588875397
48.55,-71.33,54.34,20,10.29,20,saint-ambroise,CA,1588875397
24.02,92.9,65.26,73,3.02,0,darlawn,IN,1588875397
59.78,30.82,46.33,49,15.66,98,otradnoye,RU,1588875397
-14.8,36.54,65.84,77,7.58,12,cuamba,MZ,1588875398
10.57,72.64,85.59,71,7.61,24,kavaratti,IN,1588875398
-4.08,-63.14,81.64,89,4.27,71,coari,BR,1588875275
51.23,-58.65,35.55,97,6.31,99,saint-augustin,CA,1588875399
-23.13,150.73,66.2,82,6.93,90,yeppoon,AU,1588875399
46.16,16.83,61.5,52,2.55,11,koprivnica,HR,1588875399
50.1,-91.92,33.8,43,17.22,75,sioux lookout,CA,1588875399
-2.67,141.3,79.63,83,2.62,88,vanimo,PG,1588875400
5.77,73.38,83.39,78,13.51,81,manadhoo,MV,1588875400
-21.64,-41.05,68.0,94,6.93,75,sao joao da barra,BR,1588875400
37.46,-122.43,69.42,46,7.83,5,half moon bay,US,1588875400
52.2,81.39,56.66,49,3.53,0,novichikha,RU,1588875401
40.16,-8.33,69.33,66,5.01,33,lata,PT,1588875401
-16.16,33.59,73.4,56,4.7,96,tete,MZ,1588875401
-2.57,150.8,82.36,75,8.46,9,kavieng,PG,1588875401
58.97,-3.3,50.72,66,1.12,0,stromness,GB,1588875402
-31.43,152.92,52.99,97,5.14,18,port macquarie,AU,1588875266
-9.2,25.85,74.26,69,3.0,11,bukama,CD,1588875402
60.15,15.19,52.86,27,8.05,77,ludvika,SE,1588875343
68.56,14.91,35.82,75,5.99,99,stokmarknes,NO,1588875402
20.9,70.37,81.37,87,10.45,0,veraval,IN,1588875403
54.83,99.13,38.16,82,7.92,81,shumskiy,RU,1588875403
66.08,76.63,33.87,92,14.34,100,novyy urengoy,RU,1588875403
63.44,-20.27,46.4,70,20.8,14,vestmannaeyjar,IS,1588875403
20.89,-156.47,71.19,69,8.05,40,kahului,US,1588875206
-7.95,110.28,77.58,91,4.9,100,bambanglipuro,ID,1588875404
54.37,56.18,60.4,44,2.24,63,karmaskaly,RU,1588875404
32.78,117.96,68.05,84,16.8,99,mingguang,CN,1588875404
14.92,-23.51,78.8,61,23.04,75,praya,CV,1588875304
-21.15,149.2,64.63,93,5.82,40,mackay,AU,1588875405
50.23,-63.6,41.0,56,14.99,90,havre-saint-pierre,CA,1588875405
-28.0,153.43,59.0,93,2.24,58,gold coast,AU,1588875405
9.18,7.18,82.4,65,4.7,20,suleja,NG,1588875406
27.92,96.17,72.9,51,4.59,0,tezu,IN,1588875406
10.93,108.1,79.63,84,2.33,21,phan thiet,VN,1588875406
-17.71,-39.25,85.86,60,6.82,38,caravelas,BR,1588875349
41.48,19.72,62.6,63,12.75,1,fushe-kruje,AL,1588875406
18.73,-103.68,86.0,48,6.91,40,coahuayana,MX,1588875407
25.57,91.63,73.4,94,3.36,75,mairang,IN,1588875407
39.48,62.91,74.84,54,14.74,55,seydi,TM,1588875407
15.25,-61.38,87.03,55,9.17,20,pointe michel,DM,1588875407
13.19,-59.64,86.0,62,23.04,40,holetown,BB,1588875408
64.86,-147.8,53.73,46,4.7,40,college,US,1588875135
4.38,-7.72,83.82,74,7.67,86,harper,LR,1588875408
-6.8,111.5,77.29,87,3.09,28,gambiran,ID,1588875408
19.91,99.83,83.5,83,4.7,18,chiang rai,TH,1588875307
45.18,0.72,75.4,53,4.7,100,perigueux,FR,1588875410
47.87,88.12,47.16,47,3.78,0,altay,CN,1588875410
60.47,25.09,50.7,40,11.41,20,jarvenpaa,FI,1588875410
22.6,-103.87,79.68,24,2.8,0,huejuquilla el alto,MX,1588875411
-38.55,-58.74,64.0,52,8.01,17,necochea,AR,1588875411
-37.07,144.22,46.0,87,5.14,0,castlemaine,AU,1588875411
46.57,25.98,50.25,64,3.27,78,lunca de jos,RO,1588875411
0.57,12.86,74.26,92,1.92,92,makokou,GA,1588875412
25.53,-103.25,85.73,30,4.7,5,matamoros,MX,1588875412
-22.45,18.97,69.8,28,2.24,0,gobabis,NA,1588875412
-45.58,-72.07,57.2,87,6.93,90,coihaique,CL,1588875233
67.86,20.23,32.0,92,11.41,0,kiruna,SE,1588875413
63.93,31.65,38.34,89,4.88,25,muyezerskiy,RU,1588875413
67.54,133.38,20.97,96,5.12,100,verkhoyansk,RU,1588875413
2.04,45.34,82.83,79,10.49,84,mogadishu,SO,1588875158
-19.28,30.53,55.24,84,9.42,0,mvuma,ZW,1588875414
39.36,-9.38,64.33,79,10.0,71,peniche,PT,1588875414
24.8,125.28,74.88,84,15.46,8,hirara,JP,1588875414
3.17,113.03,80.29,94,4.7,75,bintulu,MY,1588875414
61.47,-6.81,45.91,79,17.05,95,vagur,FO,1588875415
34.14,-116.05,86.86,8,6.53,1,twentynine palms,US,1588875415
-0.89,119.87,77.92,81,3.18,100,palu,ID,1588875415
34.69,135.8,52.59,35,2.75,92,nara,JP,1588875415
16.33,-15.0,107.6,15,2.24,0,saint-louis,SN,1588875416
56.37,98.35,39.99,93,10.8,79,shitkino,RU,1588875416
10.28,22.79,90.03,29,1.39,39,birao,CF,1588875416
38.42,-121.42,77.07,16,9.17,1,laguna,US,1588875416
-4.97,23.45,77.72,72,2.48,33,lusambo,CD,1588875416
8.12,-63.55,94.59,43,11.7,99,ciudad bolivar,VE,1588875417
14.05,124.17,80.08,82,5.28,65,pandan,PH,1588875417
52.72,47.62,57.27,93,3.47,100,staraya kulatka,RU,1588875417
20.5,-10.07,104.5,8,0.78,0,adrar,MR,1588875417
55.35,-118.79,46.4,93,11.41,90,sexsmith,CA,1588875418
31.5,34.47,66.07,69,11.07,0,gasa,PS,1588875158
33.26,115.36,67.89,95,4.59,98,jieshou,CN,1588875418
59.98,45.79,57.79,88,8.25,49,kichmengskiy gorodok,RU,1588875418
-22.4,46.12,64.0,56,5.23,1,ihosy,MG,1588875419
9.49,50.81,83.95,72,10.25,0,bandarbeyla,SO,1588875419
35.85,71.79,59.34,33,0.87,11,chitral,PK,1588875419
-15.97,-54.97,69.69,80,6.55,100,jaciara,BR,1588875419
56.17,107.45,39.85,93,1.9,100,magistralnyy,RU,1588875420
38.73,-27.07,68.0,72,11.9,40,praia da vitoria,PT,1588875420
69.49,88.4,23.0,85,6.71,40,talnakh,RU,1588875420
-12.07,134.27,72.81,92,8.59,27,maningrida,AU,1588875420
40.28,97.2,51.35,46,12.82,70,yumen,CN,1588875421
42.08,-72.03,58.87,20,5.99,28,southbridge,US,1588875421
-35.33,-72.42,68.09,36,3.94,8,constitucion,CL,1588875421
-5.36,104.97,74.98,93,0.94,90,pringsewu,ID,1588875422
29.96,122.3,65.91,96,15.26,100,shenjiamen,CN,1588875422
42.09,-76.81,57.94,25,11.41,90,elmira,US,1588875291
-6.22,149.55,77.94,87,4.99,92,kandrian,PG,1588875422
16.52,-98.75,86.68,50,10.71,66,tecoanapa,MX,1588875423
49.17,4.08,66.2,55,2.24,99,reims,FR,1588875423
29.37,-94.97,81.12,54,16.11,1,galveston,US,1588875423
9.22,122.89,81.21,78,2.75,2,manalongon,PH,1588875423
10.37,10.73,98.55,15,3.98,23,bara,NG,1588875423
-5.67,132.75,82.9,79,19.04,7,tual,ID,1588875424
4.14,96.13,78.85,89,13.31,100,meulaboh,ID,1588875424
13.59,-89.83,87.26,43,2.24,63,acajutla,SV,1588875425
43.27,-7.54,69.94,1,5.01,86,bereda,ES,1588875425
37.81,-0.84,74.14,60,16.11,100,san javier,ES,1588875425
43.3,52.8,62.13,73,4.47,71,zhanaozen,KZ,1588875425
37.35,59.61,76.57,41,12.33,5,kaka,TM,1588875425
14.4,46.47,77.77,52,7.47,92,marzuq,YE,1588875426
65.42,-52.9,38.7,72,5.44,88,maniitsoq,GL,1588875426
36.21,-115.98,76.42,8,1.01,7,pahrump,US,1588875364
-43.3,-65.1,68.95,44,5.01,35,rawson,AR,1588875426
34.77,32.42,61.97,77,2.24,20,pafos,CY,1588875138
61.58,-149.44,51.3,43,11.41,1,wasilla,US,1588875193
55.34,-131.65,51.8,57,13.87,1,ketchikan,US,1588875427
69.3,139.9,20.86,99,3.8,100,deputatskiy,RU,1588875427
34.76,138.09,57.0,82,1.99,99,kikugawa,JP,1588875427
53.88,67.42,60.31,40,7.25,0,sergeyevka,KZ,1588875428
15.74,-96.47,92.23,49,8.23,20,pochutla,MX,1588875428
-7.96,145.78,78.31,86,6.82,99,kerema,PG,1588875428
20.2,1.01,98.69,8,7.2,0,tessalit,ML,1588875428
15.12,108.8,78.6,87,5.14,74,quang ngai,VN,1588875429
21.26,-78.15,87.96,56,5.64,36,vertientes,CU,1588875429
-13.13,39.0,68.63,82,7.25,32,montepuez,MZ,1588875429
-19.55,169.27,72.91,81,10.2,66,isangel,VU,1588875429
61.99,-49.67,38.91,81,3.94,44,paamiut,GL,1588875430
63.28,118.33,27.03,89,12.73,99,nyurba,RU,1588875430
36.02,-80.38,64.56,25,6.93,1,clemmons,US,1588875422
50.05,10.23,67.66,37,1.45,1,schweinfurt,DE,1588875431
68.05,166.44,18.1,90,2.33,0,bilibino,RU,1588875431
42.61,-7.77,73.33,60,8.99,91,chantada,ES,1588875431
40.77,-72.85,61.66,23,13.87,40,mastic beach,US,1588875431
19.28,-81.25,88.11,70,8.05,20,bodden town,KY,1588875431
5.6,27.47,72.57,80,2.55,97,tambura,SS,1588875432
12.98,37.77,67.48,43,4.47,55,dabat,ET,1588875432
37.15,122.38,53.65,80,10.58,70,yatou,CN,1588875432
29.46,-95.05,81.7,37,13.87,20,dickinson,US,1588875432
-2.65,10.0,80.01,87,5.41,87,gamba,GA,1588875433
-31.39,-52.68,63.73,55,11.41,75,cangucu,BR,1588875433
5.75,38.92,60.55,96,2.1,77,shakiso,ET,1588875433
-2.97,119.9,70.2,91,2.42,100,rantepao,ID,1588875433
42.61,-83.15,62.46,33,20.8,75,troy,US,1588875434
15.13,-23.22,78.8,61,23.04,75,vila do maio,CV,1588875434
-16.7,-151.02,82.08,75,14.58,57,fare,PF,1588875434
21.12,70.12,81.32,87,8.16,0,mangrol,IN,1588875434
50.13,-101.67,45.3,51,8.99,2,moosomin,CA,1588875434
19.38,-69.85,89.6,66,4.7,75,nagua,DO,1588875435
